species,long,lat
Lycodon rufozonatus,121.429253,31.013481
Lycodon rufozonatus,113.088806,28.812992
Lycodon rufozonatus,120.841178,22.317297
Lycodon rufozonatus,124.169992,24.376975
Lycodon rufozonatus,114.373462,30.524912
Lycodon rufozonatus,118.831117,32.058604
Lycodon rufozonatus,119.474471,30.202422
Lycodon rufozonatus,120.120121,30.20296
Lycodon rufozonatus,121.774889,25.149164
Lycodon rufozonatus,110.548755,30.137707
Lycodon rufozonatus,116.779312,40.590775
Lycodon rufozonatus,126.988915,36.018862
Lycodon rufozonatus,121.622793,25.168768
Lycodon rufozonatus,118.602149,32.095451
Lycodon rufozonatus,118.980449,32.279939
Lycodon rufozonatus,118.214699,31.932411
Lycodon rufozonatus,118.399259,31.985738
Lycodon rufozonatus,120.245007,23.05366
Lycodon rufozonatus,113.907697,27.149143
Lycodon rufozonatus,119.178172,31.764035
Lycodon rufozonatus,121.304433,23.328544
Lycodon rufozonatus,117.191992,32.225292
Lycodon rufozonatus,117.395358,32.385779
Lycodon rufozonatus,118.924629,34.428126
Lycodon rufozonatus,121.873708,29.83079
Lycodon rufozonatus,116.562252,40.572385
Lycodon rufozonatus,128.625496,34.782647
Lycodon rufozonatus,127.841906,38.20351
Lycodon rufozonatus,121.043354,22.764171
Lycodon rufozonatus,101.435534,25.130095
Lycodon rufozonatus,120.016318,29.700402
Lycodon rufozonatus,119.011323,32.067842
Lycodon rufozonatus,111.087628,35.013744
Lycodon rufozonatus,121.558863,25.009298
Lycodon rufozonatus,121.480613,23.876592
Lycodon rufozonatus,104.478348,31.064846
Lycodon rufozonatus,120.621259,23.726544
Lycodon rufozonatus,119.507871,23.622906
Lycodon rufozonatus,117.463749,40.642346
Lycodon rufozonatus,129.19162,35.176217
Lycodon rufozonatus,113.203919,23.050224
Lycodon rufozonatus,127.703333,37.485556
Lycodon rufozonatus,128.612395,37.329004
Lycodon rufozonatus,128.33,37.278611
Lycodon rufozonatus,127.416702,36.638833
Lycodon rufozonatus,127.909444,36.716111
Lycodon rufozonatus,120.486787,23.466197
Lycodon rufozonatus,113.230882,23.323272
Lycodon rufozonatus,120.6175,23.883055
Lycodon rufozonatus,120.78778,24.389222
Lycodon rufozonatus,118.586945,32.294724
Lycodon rufozonatus,114.2622,31.950361
Lycodon rufozonatus,120.269925,22.650502
Lycodon rufozonatus,128.136535,36.62231
Lycodon rufozonatus,117.220805,40.686422
Lycodon rufozonatus,121.725626,24.970222
Lycodon rufozonatus,121.273581,24.751631
Lycodon rufozonatus,116.224803,40.245032
Lycodon rufozonatus,116.405259,39.935515
Lycodon rufozonatus,118.906113,31.868055
Lycodon rufozonatus,118.308333,31.790556
Lycodon rufozonatus,114.512222,30.414167
Lycodon rufozonatus,117.642222,31.711944
Lycodon rufozonatus,124.643889,37.949167
Lycodon rufozonatus,118.724444,31.526389
Lycodon rufozonatus,119.454187,30.354511
Lycodon rufozonatus,121.39592,23.71851
Lycodon rufozonatus,104.14581,30.732969
Lycodon rufozonatus,120.968213,22.596238
Lycodon rufozonatus,120.71274,23.26614
Lycodon rufozonatus,120.36572,23.38584
Lycodon rufozonatus,120.71172,22.1212
Lycodon rufozonatus,120.63,23.1475
Lycodon rufozonatus,120.241,22.796
Lycodon rufozonatus,120.36311,23.20991
Lycodon rufozonatus,121.77683,24.45204
Lycodon rufozonatus,121.00072,24.19913
Lycodon rufozonatus,120.69046,23.60245
Lycodon rufozonatus,120.71462,24.04011
Lycodon rufozonatus,120.3112,22.93149
Lycodon rufozonatus,121.11635,24.53257
Lycodon rufozonatus,120.152253,23.179407
Lycodon rufozonatus,120.73122,22.74283
Lycodon rufozonatus,121.206481,24.912146
Lycodon rufozonatus,120.939026,23.775483
Lycodon rufozonatus,120.078773,31.369565
Lycodon rufozonatus,120.612157,23.364685
Lycodon rufozonatus,120.756612,23.461554
Lycodon rufozonatus,119.716667,29.77
Lycodon rufozonatus,121.854554,24.600479
Lycodon rufozonatus,121.437309,24.204224
Lycodon rufozonatus,121.611877,24.15942
Lycodon rufozonatus,121.748889,24.818111
Lycodon rufozonatus,121.529117,23.619628
Lycodon rufozonatus,121.449623,24.524388
Lycodon rufozonatus,121.111911,23.968275
Lycodon rufozonatus,120.42002,22.814518
Lycodon rufozonatus,121.307029,24.575303
Lycodon rufozonatus,120.853998,21.916277
Lycodon rufozonatus,121.542639,24.844472
Lycodon rufozonatus,121.323189,25.058542
Lycodon rufozonatus,120.893757,22.144378
Lycodon rufozonatus,120.712766,21.948637
Lycodon rufozonatus,120.939028,22.442583
Lycodon rufozonatus,121.634589,23.99752
Lycodon rufozonatus,123.800244,24.395411
Lycodon rufozonatus,121.285779,22.997831
Lycodon rufozonatus,121.4152,24.69295
Lycodon rufozonatus,120.57636,22.86938
Lycodon rufozonatus,120.76624,23.7708
Lycodon rufozonatus,120.749372,24.255131
Lycodon rufozonatus,120.48,23.09
Lycodon rufozonatus,120.892578,23.905544
Lycodon rufozonatus,121.906466,31.521465
Lycodon rufozonatus,120.873543,23.556277
Lycodon rufozonatus,121.38598,24.87444
Lycodon rufozonatus,121.09467,24.82164
Lycodon rufozonatus,127.850417,36.903722
Lycodon rufozonatus,121.462169,25.182298
Lycodon rufozonatus,127.545625,36.9918
Lycodon rufozonatus,128.651325,38.010294
Lycodon rufozonatus,127.472086,36.775347
Lycodon rufozonatus,120.495182,23.276856
Lycodon rufozonatus,128.434781,36.688106
Lycodon rufozonatus,127.504278,35.684172
Lycodon rufozonatus,128.028678,37.638328
Lycodon rufozonatus,121.429642,23.498972
Lycodon rufozonatus,126.773014,35.488506
Lycodon rufozonatus,120.888029,24.584934
Lycodon rufozonatus,121.24574,24.244437
Lycodon rufozonatus,128.130333,37.952111
Lycodon rufozonatus,121.616272,24.680767
Lycodon rufozonatus,121.339057,24.368384
Lycodon rufozonatus,128.283556,37.892
Lycodon rufozonatus,121.027528,23.198806
Lycodon rufozonatus,120.674255,23.007214
Lycodon rufozonatus,121.69571,24.33495
Lycodon rufozonatus,120.998195,24.715862
Lycodon rufozonatus,128.139778,37.190167
Lycodon rufozonatus,126.087283,34.598822
Lycodon rufozonatus,126.129404,36.721657
Lycodon rufozonatus,126.031536,35.348417
Lycodon rufozonatus,126.146889,35.203614
Lycodon rufozonatus,127.894444,35.896944
Lycodon rufozonatus,120.534928,23.60595
Lycodon rufozonatus,126.593619,34.199767
Lycodon rufozonatus,128.699969,37.099147
Lycodon rufozonatus,128.034722,35.776111
Lycodon rufozonatus,126.533992,34.393547
Lycodon rufozonatus,121.390551,23.123389
Lycodon rufozonatus,127.980094,37.040083
Lycodon rufozonatus,121.17204,23.127204
Lycodon rufozonatus,112.98,28.19
Lycodon rufozonatus,113.220001,22.309999
Lycodon rufozonatus,127.771556,36.033833
Lycodon rufozonatus,127.661389,36.200583
Lycodon rufozonatus,127.863389,36.150361
Lycodon rufozonatus,128.282472,36.245667
Lycodon rufozonatus,127.121308,34.55465
Lycodon rufozonatus,129.160628,37.282675
Lycodon rufozonatus,126.964169,34.461078
Lycodon rufozonatus,127.321211,34.572228
Lycodon rufozonatus,127.465689,34.657794
Lycodon rufozonatus,126.756442,34.300708
Lycodon rufozonatus,126.989275,34.314431
Lycodon rufozonatus,128.763889,36.172222
Lycodon rufozonatus,129.068797,37.442756
Lycodon rufozonatus,126.629444,35.936111
Lycodon rufozonatus,126.829444,35.893056
Lycodon rufozonatus,115.5713,39.837842
Lycodon rufozonatus,127.652464,36.844392
Lycodon rufozonatus,126.426523,36.713654
Lycodon rufozonatus,128.546778,37.511194
Lycodon rufozonatus,104.9499,18.8092
Lycodon rufozonatus,128.6175,37.6525
Lycodon rufozonatus,128.3943,35.079692
Lycodon rufozonatus,127.588383,34.778139
Lycodon rufozonatus,127.12045,37.447165
Lycodon rufozonatus,127.822744,34.831094
Lycodon rufozonatus,128.891136,37.674049
Lycodon rufozonatus,129.016111,37.575278
Lycodon rufozonatus,126.706222,36.086744
Lycodon rufozonatus,128.345486,37.451567
Lycodon rufozonatus,126.56385,36.222239
Lycodon rufozonatus,127.557786,36.051972
Lycodon rufozonatus,127.995969,37.288561
Lycodon rufozonatus,128.787677,37.556927
Lycodon rufozonatus,128.541361,36.370028
Lycodon rufozonatus,127.778875,34.661231
Lycodon rufozonatus,123.894818,24.287081
Lycodon rufozonatus,120.262213,23.620235
Lycodon rufozonatus,128.394208,34.92833
Lycodon rufozonatus,129.119444,36.304167
Lycodon rufozonatus,128.703439,34.939822
Lycodon rufozonatus,127.652144,34.572925
Lycodon rufozonatus,127.00332,34.922968
Lycodon rufozonatus,128.03856,34.705762
Lycodon rufozonatus,127.978981,37.450642
Lycodon rufozonatus,128.952778,36.365278
Lycodon rufozonatus,120.93617,24.3425
Lycodon rufozonatus,127.855417,36.286639
Lycodon rufozonatus,126.149167,37.233333
Lycodon rufozonatus,127.443337,36.200789
Lycodon rufozonatus,127.584667,37.682028
Lycodon rufozonatus,128.026167,36.276833
Lycodon rufozonatus,127.903861,36.425639
Lycodon rufozonatus,126.921195,34.797028
Lycodon rufozonatus,126.344403,34.849483
Lycodon rufozonatus,126.8975,35.057194
Lycodon rufozonatus,127.444471,38.115569
Lycodon rufozonatus,129.27195,36.601958
Lycodon rufozonatus,129.33386,36.73453
Lycodon rufozonatus,127.149601,38.157312
Lycodon rufozonatus,127.848846,35.405579
Lycodon rufozonatus,127.484199,38.293904
Lycodon rufozonatus,127.723065,36.597662
Lycodon rufozonatus,128.565036,38.130556
Lycodon rufozonatus,127.654776,38.216975
Lycodon rufozonatus,128.631647,35.068312
Lycodon rufozonatus,127.939504,36.570386
Lycodon rufozonatus,129.063493,36.626847
Lycodon rufozonatus,126.617174,36.712673
Lycodon rufozonatus,126.398621,37.618078
Lycodon rufozonatus,128.255209,36.91363
Lycodon rufozonatus,126.660278,35.327478
Lycodon rufozonatus,126.417513,37.754746
Lycodon rufozonatus,128.778231,35.715297
Lycodon rufozonatus,126.696813,37.670838
Lycodon rufozonatus,128.787754,37.783578
Lycodon rufozonatus,126.350914,35.256979
Lycodon rufozonatus,120.355293,23.785689
Lycodon rufozonatus,128.435644,37.97114
Lycodon rufozonatus,127.299545,36.776222
Lycodon rufozonatus,126.651723,35.739531
Lycodon rufozonatus,127.327136,35.628992
Lycodon rufozonatus,127.683661,35.529311
Lycodon rufozonatus,126.965398,37.920533
Lycodon rufozonatus,128.085169,36.857218
Lycodon rufozonatus,126.601942,35.50798
Lycodon rufozonatus,127.526472,34.440878
Lycodon rufozonatus,120.9429,24.06168
Lycodon rufozonatus,128.118966,36.448166
Lycodon rufozonatus,129.333182,35.947954
Lycodon rufozonatus,127.857464,37.56228
Lycodon rufozonatus,127.129223,35.2125
Lycodon rufozonatus,127.193282,35.812159
Lycodon rufozonatus,126.680575,34.997945
Lycodon rufozonatus,126.429372,35.00357
Lycodon rufozonatus,127.44376,35.819151
Lycodon rufozonatus,121.16095,24.12531
Lycodon rufozonatus,128.456937,35.915499
Lycodon rufozonatus,127.037638,35.724844
Lycodon rufozonatus,126.150723,34.436471
Lycodon rufozonatus,127.438477,37.363557
Lycodon rufozonatus,127.65527,37.210476
Lycodon rufozonatus,127.34258,37.067128
Lycodon rufozonatus,128.770212,35.221358
Lycodon rufozonatus,127.365105,36.92807
Lycodon rufozonatus,126.903802,36.195905
Lycodon rufozonatus,128.209804,36.034555
Lycodon rufozonatus,126.709105,34.497375
Lycodon rufozonatus,126.594368,34.602717
Lycodon rufozonatus,127.922896,35.078997
Lycodon rufozonatus,129.324743,37.243776
Lycodon rufozonatus,128.039874,35.433115
Lycodon rufozonatus,127.014456,35.32927
Lycodon rufozonatus,127.19834,37.981938
Lycodon rufozonatus,120.63168,22.57783
Lycodon rufozonatus,129.081641,35.848679
Lycodon rufozonatus,128.893057,35.569516
Lycodon rufozonatus,127.491805,36.51679
Lycodon rufozonatus,129.054728,35.61678
Lycodon rufozonatus,129.125497,36.112656
Lycodon rufozonatus,128.992184,36.024758
Lycodon rufozonatus,128.024341,38.071922
Lycodon rufozonatus,127.817396,38.00747
Lycodon rufozonatus,129.058779,35.480501
Lycodon rufozonatus,128.895023,35.39833
Lycodon rufozonatus,127.214454,34.866969
Lycodon rufozonatus,128.574634,35.311143
Lycodon rufozonatus,127.720158,37.066413
Lycodon rufozonatus,126.457162,35.822013
Lycodon rufozonatus,121.1356,22.88582
Lycodon rufozonatus,126.748944,34.851562
Lycodon rufozonatus,128.187869,35.363904
Lycodon rufozonatus,128.263847,35.881361
Lycodon rufozonatus,127.480606,35.274183
Lycodon rufozonatus,128.33588,38.121692
Lycodon rufozonatus,128.442424,38.327774
Lycodon rufozonatus,128.126616,37.811682
Lycodon rufozonatus,129.249124,35.31436
Lycodon rufozonatus,129.062923,35.314488
Lycodon rufozonatus,129.430715,35.829578
Lycodon rufozonatus,127.625269,35.364809
Lycodon rufozonatus,128.004991,35.275624
Lycodon rufozonatus,129.246905,35.470813
Lycodon rufozonatus,127.351529,37.868903
Lycodon rufozonatus,127.754357,35.274344
Lycodon rufozonatus,127.888371,37.804744
Lycodon rufozonatus,120.31191,31.491169
Lycodon rufozonatus,127.405242,35.979944
Lycodon rufozonatus,129.153856,36.855831
Lycodon rufozonatus,126.931546,36.860357
Lycodon rufozonatus,127.147004,35.548646
Lycodon rufozonatus,126.900627,37.216193
Lycodon rufozonatus,126.906409,37.356782
Lycodon rufozonatus,127.000386,36.673312
Lycodon rufozonatus,126.263865,36.857657
Lycodon rufozonatus,126.338554,36.569312
Lycodon rufozonatus,129.301971,36.929342
Lycodon rufozonatus,127.589966,35.901756
Lycodon rufozonatus,129.236387,35.735595
Lycodon rufozonatus,128.472242,36.053572
Lycodon rufozonatus,127.284246,37.28666
Lycodon rufozonatus,127.148084,35.039733
Lycodon rufozonatus,128.792621,37.227591
Lycodon rufozonatus,127.207431,36.211615
Lycodon rufozonatus,126.924784,35.555889
Lycodon rufozonatus,126.874048,34.583405
Lycodon rufozonatus,127.170824,36.372741
Lycodon rufozonatus,127.323395,36.101735
Lycodon rufozonatus,127.000051,36.473478
Lycodon rufozonatus,126.739873,36.26619
Lycodon rufozonatus,129.292623,37.096764
Lycodon rufozonatus,126.904023,35.205574
Lycodon rufozonatus,128.211656,35.728069
Lycodon rufozonatus,128.077847,36.117483
Lycodon rufozonatus,126.849802,36.40363
Lycodon rufozonatus,128.112702,35.587053
Lycodon rufozonatus,128.739999,36.472376
Lycodon rufozonatus,128.731391,36.334231
Lycodon rufozonatus,117.043744,23.442922
Lycodon rufozonatus,127.625498,36.428185
Lycodon rufozonatus,126.779085,36.639818
Lycodon rufozonatus,127.322094,37.731622
Lycodon rufozonatus,127.453196,35.512772
Lycodon rufozonatus,127.181947,34.718242
Lycodon rufozonatus,127.286933,37.569256
Lycodon rufozonatus,126.586681,36.406946
Lycodon rufozonatus,128.968386,37.112605
Lycodon rufozonatus,127.248787,35.321489
Lycodon rufozonatus,129.036852,36.967703
Lycodon rufozonatus,129.2381,36.431755
Lycodon rufozonatus,127.811017,35.741571
Lycodon rufozonatus,128.182767,35.209804
Lycodon rufozonatus,127.63677,35.171191
Lycodon rufozonatus,127.503133,35.029092
Lycodon rufozonatus,128.363664,35.307075
Lycodon rufozonatus,129.06596,36.470092
Lycodon rufozonatus,128.397067,37.025873
Lycodon rufozonatus,128.142661,37.518996
Lycodon rufozonatus,128.115028,35.009221
Lycodon rufozonatus,126.537097,34.746977
Lycodon rufozonatus,128.629085,36.912026
Lycodon rufozonatus,128.806673,36.803028
Lycodon rufozonatus,127.227115,35.967941
Lycodon rufozonatus,128.364629,36.543132
Lycodon rufozonatus,128.363592,38.473589
Lycodon rufozonatus,127.659209,37.841614
Lycodon rufozonatus,128.24619,37.658995
Lycodon rufozonatus,128.234884,38.291516
Lycodon rufozonatus,128.596516,36.157116
Lycodon rufozonatus,127.548398,37.991224
Lycodon rufozonatus,128.635345,36.63868
Lycodon rufozonatus,128.933955,36.229556
Lycodon rufozonatus,127.495716,37.565907
Lycodon rufozonatus,128.810389,36.609914
Lycodon rufozonatus,128.719904,35.473174
Lycodon rufozonatus,127.908987,35.601478
Lycodon rufozonatus,126.558433,35.208427
Lycodon rufozonatus,127.414025,34.895813
Lycodon rufozonatus,126.341944,34.469847
Lycodon rufozonatus,128.401238,35.685049
Lycodon rufozonatus,128.556742,35.56777
Lycodon rufozonatus,128.403128,35.455007
Lycodon rufozonatus,128.685701,36.026917
Lycodon rufozonatus,128.800115,36.980292
Lycodon rufozonatus,128.458706,36.847906
Lycodon rufozonatus,127.179605,36.58328
Lycodon rufozonatus,128.441367,37.746091
Lycodon rufozonatus,126.143142,35.019832
Lycodon rufozonatus,126.415009,35.402852
Lycodon rufozonatus,128.944938,36.725437
Lycodon rufozonatus,126.540109,36.56291
Lycodon rufozonatus,128.570933,35.762378
Lycodon rufozonatus,107.160122,34.408489
Lycodon rufozonatus,105.82,28.041
Lycodon rufozonatus,127,37.5667
Lycodon rufozonatus,129.40143,35.52287
Lycodon rufozonatus,126.817486,37.832622
Lycodon rufozonatus,115.96667,29.61667
Lycodon rufozonatus,110.9,19.764
Lycodon rufozonatus,116.816667,40.15
Lycodon rufozonatus,111.285,30.714
Lycodon rufozonatus,118.349783,31.351806
Lycodon rufozonatus,121.473811,31.230289
Lycodon rufozonatus,121.542,29.875
Lycodon rufozonatus,120.533333,24.033333
